<resource>
	<ans tempNo="0" no="0">
		<need_slot_list>
			<slot type="focus" value="price" add="of"/>
			<slot type="focus" value="cpu_socket" add="of"/>
			<slot type="focus" value="maker" add="made"/>
			<slot type="focus" value="graphic_interface" add="supported by"/>
			<slot type="focus" value="graphic_card" add="on"/>
			<slot type="focus" value="audio_card" add="on"/>
			<slot type="focus" value="latest" add=""/>
		</need_slot_list>
		<table exp="">
		</table>
		<answer exp="The %s %s is %s.">
			<exp type="$f.tx"/>
			<exp type="$c1.tx"/>
			<exp type="$r.va"/>
		</answer>
	</ans>
	<ans tempNo="0" no="1">
		<need_slot_list>
			<slot type="focus" value="extension_slot" add=""/>
		</need_slot_list>
		<table exp="">
		</table>
		<answer exp="There is(are) %s on %s.">
			<exp type="$r.va"/>
			<exp type="$c1.tx"/>
		</answer>
	</ans>
	<ans tempNo="0" no="2">
		<need_slot_list>
			<slot type="focus" value="lan_card" add=""/>
		</need_slot_list>
		<table exp="">
		</table>
		<answer exp="The performance of the %s is %s.">
			<exp type="$f.va"/>
			<exp type="$r.va"/>
		</answer>
	</ans>
	<ans tempNo="0" no="3">
		<need_slot_list>
		</need_slot_list>
		<table exp="%s">
			<exp type="$r.li"/>
		</table>
		<answer exp="Definition of the %s is the same as table">
			<exp type="$f.va"/>
		</answer>
	</ans>

	<ans tempNo="1" no="0">
		<need_slot_list>
		</need_slot_list>
		<table exp="%s">
			<exp type="$r.li"/>
		</table>
		<answer exp="The %s is the same as table">
			<exp type="$f.va"/>
		</answer>
	</ans>

	<ans tempNo="2" no="0">
		<need_slot_list>
			<slot type="focus" value="kind" add=""/>
		</need_slot_list>
		<table exp="%s">
			<exp type="$r.li"/>
		</table>
		<answer exp="The motherboards made by %s is the same as table.">
			<exp type="$c1.tx"/>
		</answer>
	</ans>
	<ans tempNo="2" no="1">
		<need_slot_list>
			<slot type="focus" value="difference" add=""/>
		</need_slot_list>
		<table exp="">
		</table>
		<answer exp="The %s %s is %s.">
			<exp type="$t.va"/>
			<exp type="$f.va"/>
			<exp type="$r.va"/>
		</answer>
	</ans>
	<ans tempNo="2" no="2">
		<need_slot_list>
			<slot type="focus" value="cpu_socket" add=""/>
		</need_slot_list>
		<table exp="%s">
			<exp type="$r.li"/>
		</table>
		<answer exp="The %s is the same as table.">
			<exp type="$f.va"/>
			
		</answer>
	</ans>

	<ans tempNo="3" no="0">
		<need_slot_list>
		</need_slot_list>
		<table exp="%s">
			<exp type="$r.li"/>
		</table>
		<answer exp="It's the same as table.">
		</answer>
	</ans>

	<ans tempNo="4" no="0">
		<need_slot_list>
		</need_slot_list>
		<table exp="">
		</table>
		<answer exp="The %s selling store is %s.">
			<exp type="$f.va"/>
			<exp type="$r.va"/>
		</answer>
	</ans>

	<ans tempNo="5" no="0">
		<need_slot_list>
		</need_slot_list>
		<table exp="%s">
			<exp type="$r.li"/>
		</table>
		<answer exp="It's the same as table.">
		</answer>
	</ans>

	<ans tempNo="6" no="0">
		<need_slot_list>
			<slot type="option" value="number" add=""/>
		</need_slot_list>
		<table exp="">
		</table>
		<answer exp="You can constitute the best computer with %s.">
			<exp type="$r.va"/>
		</answer>

	</ans>

	<ans tempNo="6" no="1">
		<need_slot_list>
		</need_slot_list>
		<table exp="">
		</table>
		<answer exp="%s are the srtong combination.">
			<exp type="$r.va"/>
		</answer>
	</ans>

	<ans tempNo="7" no="0">
		<need_slot_list>
		</need_slot_list>
		<table exp="">
		</table>
		<answer exp="The best cost performance CPU is %s.">
			<exp type="$r.va"/>
		</answer>
	</ans>
</resource>